first_buy_bucket,tokens,closed_or_partial_wins,win_rate,avg_pnl_bnb,median_pnl_bnb,max_pnl_bnb,max_loss_bnb,total_buy_bnb,total_sell_bnb,total_fee_bnb,total_pnl_bnb,avg_roi,open_positions
0-50k,2841,1157,0.407250967969025,0.03439551248828952,-0.023342105106399936,15.101998870350126,-5.493624178735898,1621.122467525,1728.3497332829613,9.50961477873068,97.71765097923054,0.04301787623229529,164
50k-100k,63,12,0.19047619047619047,-0.1109317840822426,-0.1810100384514684,5.9803690568636485,-2.19668870993574,64.62,57.686841710316436,0.0555441074977207,-6.988702397181283,-0.18753873951632727,18
100k-200k,32,9,0.28125,-0.3229334595636447,-0.35055750662676516,3.0723910184035117,-4.088250965172471,45.349,35.05188116168479,0.036751867721423,-10.333870706036631,-0.1413173476838225,12
200k-1m,17,8,0.47058823529411764,0.015902690978435732,-0.023144553356784163,4.027434746055407,-4.08229296962395,39.9,40.23882886838322,0.0684831217498142,0.27034574663340744,-0.07081827174996942,5
1m-5m,5,3,0.6,0.04179299708665153,0.0075757529273548846,0.7468387051473473,-0.3623952938181448,12.3,12.558282855073259,0.049317869640000005,0.20896498543325764,-0.16984042813425135,1
5m+,7,1,0.14285714285714285,-2.6471218376506513,-0.5014465531446448,0.99657186219752,-9.967738484367434,24.557,6.0277899037254405,0.00064276728,-18.52985286355456,-0.44379547493850424,5
unknown,0,0,0.0,,,,,0.0,0.0,0.0,0.0,,0
